External Library Name, Link to License, License Name, Binaries using the license, URL
vulkan-sdk, https://vulkan.lunarg.com/software/license/vulkan-1.2.162.1-linux-license-summary.txt, Apache-2.0, lib64/vulkan/libvulkan.so ./emulator lib64/vulkan/libvk_swiftshader.so lib64/vulkan/libvulkan.so.1, https://vulkan.lunarg.com/sdk/home
libselinux, https://android.googlesource.com/platform/external/qemu/+/emu-master-dev/android/third_party/libselinux/NOTICE, CC-PDDC OR UNKNOWN, OpenglRender.so ./nimble_bridge ./qemu/linux-x86_64/qemu-system-x86_64-headless ./qemu/linux-x86_64/qemu-system-aarch64-headless ./qemu/linux-x86_64/qemu-system-i386-headless android-webrtc.so ./qemu/linux-x86_64/qemu-system-i386 android-emu-metrics.so android-emu-shared.so ./qemu/linux-x86_64/qemu-system-armel-headless ./qemu/linux-x86_64/qemu-system-x86_64 ./emulator-check ./qsn emugl_common.so ./qemu-img ./qemu/linux-x86_64/qemu-system-armel ./emulator android-emu-agents.so ./crashreport ./qemu/linux-x86_64/qemu-system-aarch64, https://android.googlesource.com/platform/external/qemu/+/emu-master-dev/android/third_party/libselinux
pixman-1, https://gitlab.freedesktop.org/pixman/pixman/blob/master/COPYING, MIT, ./qemu/linux-x86_64/qemu-system-x86_64-headless ./qemu/linux-x86_64/qemu-system-aarch64-headless ./qemu/linux-x86_64/qemu-system-i386-headless ./qemu/linux-x86_64/qemu-system-x86_64 ./qemu/linux-x86_64/qemu-system-i386 ./qemu/linux-x86_64/qemu-system-armel ./qemu/linux-x86_64/qemu-system-armel-headless ./emulator-check ./qemu/linux-x86_64/qemu-system-aarch64 ./qsn, https://android.googlesource.com/platform/prebuilts/android-emulator-build/archive/+/refs/heads/emu-master-dev/pixman-0.34.0.tar.gz
upb, https://android.googlesource.com/platform/external/grpc-grpc/+/refs/heads/emu-master-dev/NOTICE.txt, Apache-2.0, OpenglRender.so ./nimble_bridge ./qemu/linux-x86_64/qemu-system-x86_64 ./qemu/linux-x86_64/qemu-system-x86_64-headless ./qemu/linux-x86_64/qemu-system-aarch64-headless ./qemu/linux-x86_64/qemu-system-i386-headless android-webrtc.so emugl_common.so ./qemu-img ./qemu/linux-x86_64/qemu-system-i386 ./qemu/linux-x86_64/qemu-system-armel android-emu-shared.so ./qemu/linux-x86_64/qemu-system-armel-headless ./emulator-check ./qemu/linux-x86_64/qemu-system-aarch64 ./qsn, https://android.googlesource.com/platform/external/grpc-grpc/+/refs/heads/emu-master-dev
Qt 6, https://doc.qt.io/qt-6.5/licensing.html, LGPL-3.0-only, lib64/qt/lib/libQt6WebChannelAndroidEmu.so.6 lib64/qt/lib/libQt6PositioningAndroidEmu.so.6 lib64/qt/libexec/qtwebengine_resources_100p.pak lib64/qt/libexec/qtwebengine_locales/cs.pak lib64/qt/libexec/qtwebengine_locales/en-GB.pak lib64/qt/lib/libxcb-shape.so.0 lib64/qt/libexec/qtwebengine_locales/es-419.pak lib64/qt/libexec/qtwebengine_locales/de.pak lib64/qt/lib/libQt6XcbQpaAndroidEmu.so.6 lib64/qt/translations/qtwebengine_locales/ro.pak lib64/qt/translations/qtwebengine_locales/ms.pak lib64/qt/libexec/qtwebengine_locales/kn.pak lib64/qt/libexec/qtwebengine_locales/ru.pak lib64/qt/plugins/platforminputcontexts/libcomposeplatforminputcontextpluginAndroidEmu.so lib64/qt/libexec/qtwebengine_locales/sk.pak ./emulator lib64/qt/translations/qtwebengine_locales/en-GB.pak lib64/qt/libexec/QtWebEngineProcess lib64/qt/plugins/imageformats/libqsvgAndroidEmu.so lib64/qt/libexec/qtwebengine_locales/ko.pak lib64/qt/translations/qtwebengine_locales/zh-CN.pak lib64/qt/lib/libxkbcommon.so.0 lib64/qt/libexec/qtwebengine_resources_200p.pak lib64/qt/libexec/qtwebengine_locales/sl.pak lib64/qt/translations/qtwebengine_locales/el.pak lib64/qt/libexec/qtwebengine_locales/ca.pak lib64/qt/plugins/imageformats/libqicoAndroidEmu.so lib64/qt/translations/qtwebengine_locales/ml.pak lib64/qt/resources/qtwebengine_devtools_resources.pak lib64/qt/translations/qtwebengine_locales/it.pak lib64/qt/lib/libQt6WebEngineCoreAndroidEmu.so.6 lib64/qt/libexec/qtwebengine_locales/es.pak lib64/qt/libexec/qtwebengine_locales/uk.pak lib64/qt/translations/qtwebengine_locales/fi.pak lib64/qt/translations/qtwebengine_locales/da.pak lib64/qt/translations/qtwebengine_locales/bn.pak lib64/qt/libexec/qtwebengine_locales/vi.pak lib64/qt/libexec/qtwebengine_locales/ta.pak lib64/qt/translations/qtwebengine_locales/de.pak lib64/qt/translations/qtwebengine_locales/lv.pak lib64/qt/libexec/qtwebengine_locales/bn.pak lib64/qt/lib/libxcb-cursor.so.0 lib64/qt/resources/icudtl.dat lib64/qt/translations/qtwebengine_locales/vi.pak lib64/qt/translations/qtwebengine_locales/sl.pak lib64/qt/libexec/qtwebengine_resources.pak lib64/qt/libexec/qtwebengine_locales/gu.pak lib64/qt/translations/qtwebengine_locales/sr.pak lib64/qt/plugins/platforminputcontexts/libibusplatforminputcontextpluginAndroidEmu.so lib64/qt/lib/libQt6NetworkAndroidEmu.so.6 lib64/qt/libexec/qtwebengine_locales/fil.pak lib64/qt/libexec/qtwebengine_locales/ar.pak lib64/qt/lib/libfreetype.so.6 lib64/qt/libexec/qtwebengine_locales/id.pak lib64/qt/translations/qtwebengine_locales/hr.pak lib64/qt/translations/qtwebengine_locales/lt.pak lib64/qt/lib/libxcb-icccm.so.4 lib64/qt/plugins/platforms/libqoffscreenAndroidEmu.so lib64/qt/libexec/qtwebengine_locales/zh-CN.pak lib64/qt/libexec/qtwebengine_locales/ms.pak lib64/qt/lib/libQt6QmlModelsAndroidEmu.so.6 lib64/qt/lib/libxcb-render.so.0 lib64/qt/libexec/qtwebengine_locales/mr.pak lib64/qt/translations/qtwebengine_locales/gu.pak lib64/qt/translations/qtwebengine_locales/kn.pak lib64/qt/translations/qtwebengine_locales/th.pak lib64/qt/libexec/qtwebengine_locales/fi.pak lib64/qt/translations/qtwebengine_locales/es.pak lib64/qt/lib/libxcb-xfixes.so.0 lib64/qt/lib/libQt6QuickAndroidEmu.so.6 lib64/qt/lib/libQt6DBusAndroidEmu.so.6 lib64/qt/plugins/platforms/libqxcbAndroidEmu.so lib64/qt/libexec/qtwebengine_locales/hu.pak lib64/qt/libexec/qtwebengine_locales/th.pak lib64/qt/lib/libQt6CoreAndroidEmu.so.6 lib64/qt/libexec/qtwebengine_devtools_resources.pak lib64/qt/libexec/qtwebengine_locales/da.pak lib64/qt/lib/libxcb-randr.so.0 lib64/qt/lib/libQt6QmlAndroidEmu.so.6 lib64/qt/translations/qtwebengine_locales/uk.pak lib64/qt/libexec/qtwebengine_locales/ml.pak lib64/qt/translations/qtwebengine_locales/fa.pak lib64/qt/translations/qtwebengine_locales/pl.pak lib64/qt/libexec/qtwebengine_locales/it.pak lib64/qt/libexec/qtwebengine_locales/bg.pak lib64/qt/translations/qtwebengine_locales/pt-BR.pak lib64/qt/libexec/qtwebengine_locales/hr.pak lib64/qt/lib/libxcb-render-util.so.0 lib64/qt/translations/qtwebengine_locales/ja.pak lib64/qt/translations/qtwebengine_locales/cs.pak lib64/qt/translations/qtwebengine_locales/mr.pak lib64/qt/libexec/qtwebengine_locales/sw.pak lib64/qt/translations/qtwebengine_locales/ko.pak lib64/qt/plugins/platforms/libqminimalAndroidEmu.so lib64/qt/translations/qtwebengine_locales/zh-TW.pak lib64/qt/libexec/qtwebengine_locales/pt-PT.pak lib64/qt/translations/qtwebengine_locales/ru.pak lib64/qt/translations/qtwebengine_locales/hi.pak lib64/qt/lib/libpcre2-16.so.0 lib64/qt/libexec/qtwebengine_locales/pl.pak lib64/qt/lib/libxcb-util.so.1 lib64/qt/libexec/qtwebengine_locales/hi.pak lib64/qt/lib/libfontconfig.so.1 lib64/qt/lib/libQt6SvgWidgetsAndroidEmu.so.6 lib64/qt/translations/qtwebengine_locales/id.pak lib64/qt/libexec/qtwebengine_locales/lv.pak lib64/qt/translations/qtwebengine_locales/sv.pak lib64/qt/lib/libQt6WebEngineWidgetsAndroidEmu.so.6 lib64/qt/plugins/imageformats/libqwebpAndroidEmu.so lib64/qt/translations/qtwebengine_locales/nl.pak lib64/qt/plugins/iconengines/libqsvgiconAndroidEmu.so lib64/qt/translations/qtwebengine_locales/sw.pak lib64/qt/plugins/imageformats/libqtiffAndroidEmu.so lib64/qt/libexec/qtwebengine_locales/nb.pak lib64/qt/libexec/qtwebengine_locales/et.pak lib64/qt/libexec/qtwebengine_locales/am.pak lib64/qt/lib/libQt6WidgetsAndroidEmu.so.6 lib64/qt/lib/libX11-xcb.so.1 lib64/qt/translations/qtwebengine_locales/ca.pak lib64/qt/translations/qtwebengine_locales/hu.pak lib64/qt/resources/qtwebengine_resources_100p.pak lib64/qt/lib/libXdmcp.so.6 lib64/qt/libexec/qtwebengine_locales/ja.pak lib64/qt/plugins/platforms/libqvncAndroidEmu.so lib64/qt/libexec/qtwebengine_locales/pt-BR.pak lib64/qt/libexec/qtwebengine_locales/tr.pak lib64/qt/libexec/qtwebengine_locales/sr.pak lib64/qt/translations/qtwebengine_locales/fil.pak lib64/qt/lib/libxcb-keysyms.so.1 lib64/qt/lib/libxcb-sync.so.1 lib64/qt/lib/libQt6QuickWidgetsAndroidEmu.so.6 lib64/qt/lib/libXau.so.6 lib64/qt/libexec/qtwebengine_locales/el.pak lib64/qt/plugins/imageformats/libqwbmpAndroidEmu.so lib64/qt/translations/qtwebengine_locales/te.pak lib64/qt/translations/qtwebengine_locales/en-US.pak lib64/qt/lib/libQt6GuiAndroidEmu.so.6 lib64/qt/translations/qtwebengine_locales/he.pak lib64/qt/libexec/qtwebengine_locales/sv.pak lib64/qt/plugins/imageformats/libqicnsAndroidEmu.so lib64/qt/libexec/qtwebengine_locales/nl.pak lib64/qt/resources/qtwebengine_resources_200p.pak lib64/qt/lib/libQt6SvgAndroidEmu.so.6 lib64/qt/plugins/imageformats/libqgifAndroidEmu.so lib64/qt/libexec/qtwebengine_locales/te.pak lib64/qt/translations/qtwebengine_locales/et.pak lib64/qt/lib/libjpeg.so.8 lib64/qt/translations/qtwebengine_locales/ar.pak lib64/qt/libexec/qtwebengine_locales/lt.pak lib64/qt/translations/qtwebengine_locales/fr.pak lib64/qt/translations/qtwebengine_locales/bg.pak lib64/qt/libexec/qtwebengine_locales/en-US.pak lib64/qt/libexec/qtwebengine_locales/fr.pak lib64/qt/translations/qtwebengine_locales/tr.pak lib64/qt/plugins/imageformats/libqtgaAndroidEmu.so lib64/qt/resources/qtwebengine_resources.pak lib64/qt/lib/libxcb-image.so.0 lib64/qt/libexec/qtwebengine_locales/he.pak lib64/qt/lib/libxkbcommon-x11.so.0 lib64/qt/libexec/qtwebengine_locales/fa.pak lib64/qt/translations/qtwebengine_locales/sk.pak lib64/qt/lib/libQt6WebSocketsAndroidEmu.so.6 lib64/qt/plugins/platforms/libqlinuxfbAndroidEmu.so lib64/qt/libexec/icudtl.dat lib64/qt/translations/qtwebengine_locales/ta.pak lib64/qt/plugins/imageformats/libqjpegAndroidEmu.so lib64/qt/translations/qtwebengine_locales/nb.pak lib64/qt/lib/libxcb-shm.so.0 lib64/qt/translations/qtwebengine_locales/am.pak lib64/qt/lib/libxcb-xkb.so.1 lib64/qt/translations/qtwebengine_locales/es-419.pak lib64/qt/libexec/qtwebengine_locales/ro.pak lib64/qt/libexec/qtwebengine_locales/zh-TW.pak lib64/qt/translations/qtwebengine_locales/pt-PT.pak, https://android.googlesource.com/platform/external/qt5/+/refs/heads/upstream-6.5.3
tinyobjloader, https://android.googlesource.com/platform/external/tinyobjloader/+/refs/heads/master/LICENSE, MIT, OpenglRender.so ./nimble_bridge ./qemu/linux-x86_64/qemu-system-x86_64 ./qemu/linux-x86_64/qemu-system-x86_64-headless ./qemu/linux-x86_64/qemu-system-aarch64-headless ./qemu/linux-x86_64/qemu-system-i386-headless android-webrtc.so emugl_common.so ./qemu-img ./qemu/linux-x86_64/qemu-system-i386 ./qemu/linux-x86_64/qemu-system-armel android-emu-shared.so ./qemu/linux-x86_64/qemu-system-armel-headless ./emulator-check ./qemu/linux-x86_64/qemu-system-aarch64 ./qsn, https://android.googlesource.com/platform/external/tinyobjloader/+/refs/heads/master
libpng, https://android.googlesource.com/platform/external/libpng/+/refs/heads/emu-master-dev/LICENSE, libpng, OpenglRender.so ./nimble_bridge ./qemu/linux-x86_64/qemu-system-x86_64 ./qemu/linux-x86_64/qemu-system-x86_64-headless ./qemu/linux-x86_64/qemu-system-aarch64-headless ./qemu/linux-x86_64/qemu-system-i386-headless android-webrtc.so emugl_common.so ./qemu-img ./qemu/linux-x86_64/qemu-system-i386 ./qemu/linux-x86_64/qemu-system-armel android-emu-shared.so ./qemu/linux-x86_64/qemu-system-armel-headless ./emulator-check ./qemu/linux-x86_64/qemu-system-aarch64 ./qsn, https://android.googlesource.com/platform/external/libpng/+/refs/heads/emu-master-dev
ffmpeg, https://github.com/FFmpeg/FFmpeg/blob/master/LICENSE.md, GPL-2.0-or-later, OpenglRender.so ./nimble_bridge ./qemu/linux-x86_64/qemu-system-x86_64 ./qemu/linux-x86_64/qemu-system-x86_64-headless ./qemu/linux-x86_64/qemu-system-aarch64-headless ./qemu/linux-x86_64/qemu-system-i386-headless android-webrtc.so emugl_common.so ./qemu-img ./qemu/linux-x86_64/qemu-system-i386 ./qemu/linux-x86_64/qemu-system-armel android-emu-shared.so ./qemu/linux-x86_64/qemu-system-armel-headless ./emulator-check ./qemu/linux-x86_64/qemu-system-aarch64 ./qsn, https://android.googlesource.com/platform/prebuilts/android-emulator-build/archive/+/refs/heads/emu-master-dev/ffmpeg-3.4.5.tar.xz
libwebp, https://android.googlesource.com/platform/external/qemu/+/emu-master-dev/android/third_party/libwebp/third_party/chromium_headless/libwebp/LICENSE, BSD-3-Clause, OpenglRender.so ./nimble_bridge ./qemu/linux-x86_64/qemu-system-x86_64 ./qemu/linux-x86_64/qemu-system-x86_64-headless ./qemu/linux-x86_64/qemu-system-aarch64-headless ./qemu/linux-x86_64/qemu-system-i386-headless android-webrtc.so emugl_common.so ./qemu-img ./qemu/linux-x86_64/qemu-system-i386 ./qemu/linux-x86_64/qemu-system-armel android-emu-shared.so ./qemu/linux-x86_64/qemu-system-armel-headless ./emulator-check ./qemu/linux-x86_64/qemu-system-aarch64 ./qsn, https://android.googlesource.com/platform/external/qemu/+/emu-master-dev/android/third_party/libwebp/third_party/chromium_headless/libwebp
upb_json_lib, https://android.googlesource.com/platform/external/grpc-grpc/+/refs/heads/emu-master-dev/NOTICE.txt, Apache-2.0, OpenglRender.so ./nimble_bridge ./qemu/linux-x86_64/qemu-system-x86_64 ./qemu/linux-x86_64/qemu-system-x86_64-headless ./qemu/linux-x86_64/qemu-system-aarch64-headless ./qemu/linux-x86_64/qemu-system-i386-headless android-webrtc.so emugl_common.so ./qemu-img ./qemu/linux-x86_64/qemu-system-i386 ./qemu/linux-x86_64/qemu-system-armel android-emu-shared.so ./qemu/linux-x86_64/qemu-system-armel-headless ./emulator-check ./qemu/linux-x86_64/qemu-system-aarch64 ./qsn, https://android.googlesource.com/platform/external/grpc-grpc/+/refs/heads/emu-master-dev
utf8_range_lib, https://android.googlesource.com/platform/external/grpc-grpc/+/refs/heads/emu-master-dev/NOTICE.txt, Apache-2.0, OpenglRender.so ./nimble_bridge ./qemu/linux-x86_64/qemu-system-x86_64 ./qemu/linux-x86_64/qemu-system-x86_64-headless ./qemu/linux-x86_64/qemu-system-aarch64-headless ./qemu/linux-x86_64/qemu-system-i386-headless android-webrtc.so emugl_common.so ./qemu-img ./qemu/linux-x86_64/qemu-system-i386 ./qemu/linux-x86_64/qemu-system-armel android-emu-shared.so ./qemu/linux-x86_64/qemu-system-armel-headless ./emulator-check ./qemu/linux-x86_64/qemu-system-aarch64 ./qsn, https://android.googlesource.com/platform/external/grpc-grpc/+/refs/heads/emu-master-dev
gpr, https://android.googlesource.com/platform/external/grpc-grpc/+/refs/heads/emu-master-dev/NOTICE.txt, Apache-2.0, OpenglRender.so ./nimble_bridge ./qemu/linux-x86_64/qemu-system-x86_64 ./qemu/linux-x86_64/qemu-system-x86_64-headless ./qemu/linux-x86_64/qemu-system-aarch64-headless ./qemu/linux-x86_64/qemu-system-i386-headless android-webrtc.so emugl_common.so ./qemu-img ./qemu/linux-x86_64/qemu-system-i386 ./qemu/linux-x86_64/qemu-system-armel android-emu-shared.so ./qemu/linux-x86_64/qemu-system-armel-headless ./emulator-check ./qemu/linux-x86_64/qemu-system-aarch64 ./qsn, https://android.googlesource.com/platform/external/grpc-grpc/+/refs/heads/emu-master-dev
protobuf, BSD-3-Clause, BSD-3-Clause, OpenglRender.so ./nimble_bridge libprotobuf.so ./qemu/linux-x86_64/qemu-system-x86_64-headless ./qemu/linux-x86_64/qemu-system-aarch64-headless ./qemu/linux-x86_64/qemu-system-i386-headless android-webrtc.so ./qemu/linux-x86_64/qemu-system-i386 android-emu-metrics.so android-emu-shared.so ./qemu/linux-x86_64/qemu-system-armel-headless ./qemu/linux-x86_64/qemu-system-x86_64 ./emulator-check ./qsn emugl_common.so ./qemu-img ./qemu/linux-x86_64/qemu-system-armel ./emulator android-emu-tracing.so ./crashreport android-emu-protos.so ./qemu/linux-x86_64/qemu-system-aarch64, 
qemu-system, https://android.googlesource.com/platform/external/qemu/+/refs/heads/emu-master-dev/LICENSES/LICENSE.APACHE2, Apache-2.0, ./qemu/linux-x86_64/qemu-system-aarch64-headless ./qemu/linux-x86_64/qemu-system-x86_64-headless ./qemu/linux-x86_64/qemu-system-i386-headless ./qemu/linux-x86_64/qemu-system-armel-headless ./qemu/linux-x86_64/qemu-system-armel ./qemu/linux-x86_64/qemu-system-i386 ./qemu/linux-x86_64/qemu-system-x86_64 ./qemu/linux-x86_64/qemu-system-aarch64, https://android.googlesource.com/platform/external/qemu/+/refs/heads/emu-master-dev
libvpx, https://chromium.googlesource.com/webm/libvpx/+/refs/heads/master/LICENSE, BSD-3-Clause, OpenglRender.so ./nimble_bridge ./qemu/linux-x86_64/qemu-system-x86_64 ./qemu/linux-x86_64/qemu-system-x86_64-headless ./qemu/linux-x86_64/qemu-system-aarch64-headless ./qemu/linux-x86_64/qemu-system-i386-headless android-webrtc.so emugl_common.so ./qemu-img ./qemu/linux-x86_64/qemu-system-i386 ./qemu/linux-x86_64/qemu-system-armel android-emu-shared.so ./qemu/linux-x86_64/qemu-system-armel-headless ./emulator-check ./qemu/linux-x86_64/qemu-system-aarch64 ./qsn, https://chromium.googlesource.com/webm/libvpx/
hostapd, https://android.googlesource.com/platform/external/wpa_supplicant_8/+/refs/heads/emu-master-dev/NOTICE, BSD, OpenglRender.so ./nimble_bridge ./qemu/linux-x86_64/qemu-system-x86_64 ./qemu/linux-x86_64/qemu-system-x86_64-headless ./qemu/linux-x86_64/qemu-system-aarch64-headless ./qemu/linux-x86_64/qemu-system-i386-headless android-webrtc.so emugl_common.so ./qemu-img ./qemu/linux-x86_64/qemu-system-i386 ./qemu/linux-x86_64/qemu-system-armel android-emu-shared.so ./qemu/linux-x86_64/qemu-system-armel-headless ./emulator-check ./qemu/linux-x86_64/qemu-system-aarch64 ./qsn, https://android.googlesource.com/platform/external/wpa_supplicant_8/+/refs/heads/emu-master-dev
Qt Core, https://doc.qt.io/qt-6.5/qtCore-index.html#licenses-and-attributions, LGPL-3.0-only, ./qemu/linux-x86_64/qemu-system-i386 ./qemu/linux-x86_64/qemu-system-x86_64 ./qemu/linux-x86_64/qemu-system-aarch64 ./qemu/linux-x86_64/qemu-system-armel, https://android.googlesource.com/platform/external/qt5/+/refs/heads/upstream-6.5.3
mynewt-nimble, https://android.googlesource.com/platform/external/qemu/+/emu-master-dev/android/third_party/mynewt-nimble/LICENSE, Apache=2.0, ./nimble_bridge, 
grpc, https://android.googlesource.com/platform/external/grpc-grpc/+/refs/heads/emu-master-dev/NOTICE.txt, Apache-2.0, OpenglRender.so ./nimble_bridge ./qemu/linux-x86_64/qemu-system-x86_64 ./qemu/linux-x86_64/qemu-system-x86_64-headless ./qemu/linux-x86_64/qemu-system-aarch64-headless ./qemu/linux-x86_64/qemu-system-i386-headless android-webrtc.so emugl_common.so ./qemu-img ./qemu/linux-x86_64/qemu-system-i386 ./qemu/linux-x86_64/qemu-system-armel android-emu-shared.so ./qemu/linux-x86_64/qemu-system-armel-headless ./emulator-check ./qemu/linux-x86_64/qemu-system-aarch64 ./qsn, https://android.googlesource.com/platform/external/grpc-grpc/+/refs/heads/emu-master-dev
libc++, https://android.googlesource.com/toolchain/clang/+/refs/heads/master/LICENSE.TXT, LLVM-exception, ./nimble_bridge ./qemu/linux-x86_64/qemu-system-x86_64-headless ./qemu/linux-x86_64/qemu-system-aarch64-headless ./qemu/linux-x86_64/qemu-system-i386-headless ./qemu/linux-x86_64/qemu-system-i386 ./qemu/linux-x86_64/qemu-system-armel-headless lib64/libc++.so ./qemu/linux-x86_64/qemu-system-x86_64 ./emulator-check lib64/libc++.so.1 ./qsn ./qemu-img ./qemu/linux-x86_64/qemu-system-armel ./emulator ./mksdcard ./crashreport ./qemu/linux-x86_64/qemu-system-aarch64, https://android.googlesource.com/toolchain/clang/+/refs/heads/master/
dtc, https://kernel.googlesource.com/pub/scm/utils/dtc/dtc.git/+/refs/heads/master/README.license, GPL-2.0-or-later, ./qemu/linux-x86_64/qemu-system-x86_64-headless ./qemu/linux-x86_64/qemu-system-aarch64-headless ./qemu/linux-x86_64/qemu-system-i386-headless ./qemu/linux-x86_64/qemu-system-x86_64 ./qemu/linux-x86_64/qemu-system-i386 ./qemu/linux-x86_64/qemu-system-armel ./qemu/linux-x86_64/qemu-system-armel-headless ./emulator-check ./qemu/linux-x86_64/qemu-system-aarch64 ./qsn, https://kernel.googlesource.com/pub/scm/utils/dtc/dtc.git/+/refs/heads/master/
upb_textformat_lib, https://android.googlesource.com/platform/external/grpc-grpc/+/refs/heads/emu-master-dev/NOTICE.txt, Apache-2.0, OpenglRender.so ./nimble_bridge ./qemu/linux-x86_64/qemu-system-x86_64 ./qemu/linux-x86_64/qemu-system-x86_64-headless ./qemu/linux-x86_64/qemu-system-aarch64-headless ./qemu/linux-x86_64/qemu-system-i386-headless android-webrtc.so emugl_common.so ./qemu-img ./qemu/linux-x86_64/qemu-system-i386 ./qemu/linux-x86_64/qemu-system-armel android-emu-shared.so ./qemu/linux-x86_64/qemu-system-armel-headless ./emulator-check ./qemu/linux-x86_64/qemu-system-aarch64 ./qsn, https://android.googlesource.com/platform/external/grpc-grpc/+/refs/heads/emu-master-dev
gtest, https://android.googlesource.com/platform/external/googletest/+/refs/heads/master/LICENSE, BSD3, ./emulator, https://android.googlesource.com/platform/external/googletest/+/refs/heads/master
grpc++_reflection, https://android.googlesource.com/platform/external/grpc-grpc/+/refs/heads/emu-master-dev/NOTICE.txt, Apache-2.0, ./qemu/linux-x86_64/qemu-system-x86_64-headless ./qemu/linux-x86_64/qemu-system-aarch64-headless ./qemu/linux-x86_64/qemu-system-i386-headless ./qemu/linux-x86_64/qemu-system-x86_64 ./qemu/linux-x86_64/qemu-system-i386 ./qemu/linux-x86_64/qemu-system-armel ./qemu/linux-x86_64/qemu-system-armel-headless ./emulator-check ./qemu/linux-x86_64/qemu-system-aarch64 ./qsn, https://android.googlesource.com/platform/external/grpc-grpc/+/refs/heads/emu-master-dev
uuid, https://spdx.org/licenses/BSD-3-Clause.html, BSD-3-Clause, OpenglRender.so ./nimble_bridge ./qemu/linux-x86_64/qemu-system-x86_64-headless ./qemu/linux-x86_64/qemu-system-aarch64-headless ./qemu/linux-x86_64/qemu-system-i386-headless android-webrtc.so ./qemu/linux-x86_64/qemu-system-i386 android-emu-metrics.so android-emu-curl.so android-emu-shared.so ./qemu/linux-x86_64/qemu-system-armel-headless ./qemu/linux-x86_64/qemu-system-x86_64 ./emulator-check ./qsn emugl_common.so ./qemu-img ./qemu/linux-x86_64/qemu-system-armel ./emulator android-emu-agents.so ./crashreport ./qemu/linux-x86_64/qemu-system-aarch64, https://android.googlesource.com/platform/prebuilts/android-emulator-build/archive/+/refs/heads/emu-master-dev/libuuid1-2.25.2-2.tar.xz
gfxstream, https://android.googlesource.com/platform/hardware/google/gfxstream/+/refs/heads/master/LICENSE, Apache-2.0, OpenglRender.so ./nimble_bridge ./qemu/linux-x86_64/qemu-system-x86_64-headless ./qemu/linux-x86_64/qemu-system-aarch64-headless ./qemu/linux-x86_64/qemu-system-i386-headless android-webrtc.so ./qemu/linux-x86_64/qemu-system-i386 android-emu-metrics.so android-emu-curl.so android-emu-shared.so ./qemu/linux-x86_64/qemu-system-armel-headless ./qemu/linux-x86_64/qemu-system-x86_64 ./emulator-check ./qsn emugl_common.so ./qemu-img ./qemu/linux-x86_64/qemu-system-armel ./emulator android-emu-agents.so ./crashreport ./qemu/linux-x86_64/qemu-system-aarch64, https://android.googlesource.com/platform/hardware/google/gfxstream/+/refs/heads/master
qemu, https://android.googlesource.com/platform/external/qemu/+/refs/heads/emu-master-dev/LICENSE, GPL-2.0-only, ./qemu/linux-x86_64/qemu-system-x86_64-headless ./qemu/linux-x86_64/qemu-system-aarch64-headless ./qemu/linux-x86_64/qemu-system-i386-headless ./qemu-img ./qemu/linux-x86_64/qemu-system-i386 ./qemu/linux-x86_64/qemu-system-armel ./qemu/linux-x86_64/qemu-system-armel-headless ./qemu/linux-x86_64/qemu-system-x86_64 ./qemu/linux-x86_64/qemu-system-aarch64, https://android.googlesource.com/platform/external/qemu/+/refs/heads/emu-master-dev
picosha2, https://android.googlesource.com/platform/external/qemu/+/refs/heads/emu-master-dev/android/third_party/picosha2/LICENSE, MIT, OpenglRender.so ./nimble_bridge ./qemu/linux-x86_64/qemu-system-x86_64-headless ./qemu/linux-x86_64/qemu-system-aarch64-headless ./qemu/linux-x86_64/qemu-system-i386-headless android-webrtc.so ./qemu/linux-x86_64/qemu-system-i386 android-emu-metrics.so android-emu-shared.so ./qemu/linux-x86_64/qemu-system-armel-headless ./qemu/linux-x86_64/qemu-system-x86_64 ./emulator-check ./qsn emugl_common.so ./qemu-img ./qemu/linux-x86_64/qemu-system-armel ./qemu/linux-x86_64/qemu-system-aarch64, https://android.googlesource.com/platform/external/qemu/+/refs/heads/emu-master-dev/android/third_party/picosha2/
grpc++, https://android.googlesource.com/platform/external/grpc-grpc/+/refs/heads/emu-master-dev/NOTICE.txt, Apache-2.0, OpenglRender.so ./nimble_bridge ./qemu/linux-x86_64/qemu-system-x86_64 ./qemu/linux-x86_64/qemu-system-x86_64-headless ./qemu/linux-x86_64/qemu-system-aarch64-headless ./qemu/linux-x86_64/qemu-system-i386-headless android-webrtc.so emugl_common.so ./qemu-img ./qemu/linux-x86_64/qemu-system-i386 ./qemu/linux-x86_64/qemu-system-armel android-emu-shared.so ./qemu/linux-x86_64/qemu-system-armel-headless ./emulator-check ./qemu/linux-x86_64/qemu-system-aarch64 ./qsn, https://android.googlesource.com/platform/external/grpc-grpc/+/refs/heads/emu-master-dev
glib-2.0, https://android.googlesource.com/platform/external/bluetooth/glib/+/refs/heads/emu-master-dev/COPYING, LGPL-2.1-only, OpenglRender.so ./nimble_bridge ./qemu/linux-x86_64/qemu-system-x86_64-headless ./qemu/linux-x86_64/qemu-system-aarch64-headless ./qemu/linux-x86_64/qemu-system-i386-headless android-webrtc.so ./qemu/linux-x86_64/qemu-system-i386 android-emu-shared.so ./qemu/linux-x86_64/qemu-system-armel-headless ./qemu/linux-x86_64/qemu-system-x86_64 ./emulator-check ./qsn emugl_common.so ./qemu-img ./qemu/linux-x86_64/qemu-system-armel glib2_linux-x86_64.so ./qemu/linux-x86_64/qemu-system-aarch64, https://android.googlesource.com/platform/external/bluetooth/glib/+/refs/heads/emu-master-dev/
address_sorting, https://android.googlesource.com/platform/external/grpc-grpc/+/refs/heads/emu-master-dev/NOTICE.txt, Apache-2.0, OpenglRender.so ./nimble_bridge ./qemu/linux-x86_64/qemu-system-x86_64 ./qemu/linux-x86_64/qemu-system-x86_64-headless ./qemu/linux-x86_64/qemu-system-aarch64-headless ./qemu/linux-x86_64/qemu-system-i386-headless android-webrtc.so emugl_common.so ./qemu-img ./qemu/linux-x86_64/qemu-system-i386 ./qemu/linux-x86_64/qemu-system-armel android-emu-shared.so ./qemu/linux-x86_64/qemu-system-armel-headless ./emulator-check ./qemu/linux-x86_64/qemu-system-aarch64 ./qsn, https://android.googlesource.com/platform/external/grpc-grpc/+/refs/heads/emu-master-dev
Qt Svg, https://doc.qt.io/qt-6.5/qtSvg-index.html#licenses-and-attributions, LGPL-3.0-only, ./qemu/linux-x86_64/qemu-system-i386 ./qemu/linux-x86_64/qemu-system-x86_64 ./qemu/linux-x86_64/qemu-system-aarch64 ./qemu/linux-x86_64/qemu-system-armel, https://android.googlesource.com/platform/external/qt5/+/refs/heads/upstream-6.5.3
LibXml2, https://github.com/GNOME/libxml2/blob/mainline/Copyright, MIT, OpenglRender.so ./nimble_bridge ./qemu/linux-x86_64/qemu-system-x86_64-headless ./qemu/linux-x86_64/qemu-system-aarch64-headless ./qemu/linux-x86_64/qemu-system-i386-headless android-webrtc.so ./qemu/linux-x86_64/qemu-system-i386 android-emu-metrics.so android-emu-shared.so ./qemu/linux-x86_64/qemu-system-armel-headless ./qemu/linux-x86_64/qemu-system-x86_64 ./emulator-check ./qsn emugl_common.so ./qemu-img ./qemu/linux-x86_64/qemu-system-armel ./emulator ./qemu/linux-x86_64/qemu-system-aarch64, https://android.googlesource.com/platform/prebuilts/android-emulator-build/archive/+/refs/heads/emu-master-dev/libxml2-2.9.2.tar.gz
Qt Gui, https://doc.qt.io/qt-6.5/qtGui-index.html#licenses-and-attributions, LGPL-3.0-only, ./qemu/linux-x86_64/qemu-system-i386 ./qemu/linux-x86_64/qemu-system-x86_64 ./qemu/linux-x86_64/qemu-system-aarch64 ./qemu/linux-x86_64/qemu-system-armel, https://android.googlesource.com/platform/external/qt5/+/refs/heads/upstream-6.5.3
Qt Widgets, https://doc.qt.io/qt-6.5/qtWidgets-index.html#licenses-and-attributions, LGPL-3.0-only, ./qemu/linux-x86_64/qemu-system-i386 ./qemu/linux-x86_64/qemu-system-x86_64 ./qemu/linux-x86_64/qemu-system-aarch64 ./qemu/linux-x86_64/qemu-system-armel, https://android.googlesource.com/platform/external/qt5/+/refs/heads/upstream-6.5.3
angle-renderer, https://chromium.googlesource.com/angle/angle/LICENSE, BSD-3-Clause, lib64/gles_angle/libvulkan.so lib64/gles_angle/libEGL.so lib64/gles_angle/libvk_swiftshader.so ./emulator lib64/gles_angle/libGLESv2.so lib64/gles_angle/libvulkan.so.1, https://chromium.googlesource.com/angle/angle
breakpad, https://android.googlesource.com/platform/external/google-breakpad/+/refs/heads/emu-master-dev/LICENSE, BSD-3-Clause, ./qemu/linux-x86_64/qemu-system-armel ./qemu/linux-x86_64/qemu-system-i386 ./crashreport ./qemu/linux-x86_64/qemu-system-x86_64 ./qemu/linux-x86_64/qemu-system-aarch64, https://android.googlesource.com/platform/external/google-breakpad/+/refs/heads/emu-master-dev
c-ares, https://android.googlesource.com/platform/external/c-ares/+/refs/heads/emu-master-dev/LICENSE.md, MIT, OpenglRender.so ./nimble_bridge ./qemu/linux-x86_64/qemu-system-x86_64 ./qemu/linux-x86_64/qemu-system-x86_64-headless ./qemu/linux-x86_64/qemu-system-aarch64-headless ./qemu/linux-x86_64/qemu-system-i386-headless android-webrtc.so emugl_common.so ./qemu-img ./qemu/linux-x86_64/qemu-system-i386 ./qemu/linux-x86_64/qemu-system-armel android-emu-shared.so ./qemu/linux-x86_64/qemu-system-armel-headless ./emulator-check ./qemu/linux-x86_64/qemu-system-aarch64 ./qsn, https://android.googlesource.com/platform/external/c-ares/+/refs/heads/emu-master-dev
swiftshader, https://android.googlesource.com/platform/external/swiftshader/+/refs/heads/emu-master-dev/LICENSE.txt, Apache-2.0, lib64/gles_swiftshader/libEGL.so lib64/gles_swiftshader/libGLES_CM.so ./emulator lib64/gles_swiftshader/libGLESv2.so, https://android.googlesource.com/platform/external/swiftshader/+/refs/heads/emu-master-dev
bios, https://android.googlesource.com/platform/external/qemu-pc-bios/+/refs/heads/master/README, LGPL-2.0-or-later, ./emulator, https://android.googlesource.com/platform/external/qemu-pc-bios/+/refs/heads/master/
Netsim Web UI, https://android.googlesource.com/platform/tools/netsim/+/refs/heads/main/LICENSE, Apache-2.0, netsim-ui/js/device-info.js ./qemu/linux-x86_64/qemu-system-x86_64-headless netsim-ui/js/device-observer.js ./qemu/linux-x86_64/qemu-system-aarch64-headless ./qemu/linux-x86_64/qemu-system-i386-headless netsim-ui/assets/netsim-logo-b.svg ./qemu/linux-x86_64/qemu-system-i386 netsim-ui/assets/netsim-logo.svg netsim-ui/js/packet-info.js netsim-ui/js/device-dragzone.js netsim-ui/js/license-info.js ./qemu/linux-x86_64/qemu-system-armel-headless netsim-ui/js/navigation-bar.js netsim-ui/index.html netsim-ui/js/device-dropzone.js netsim-ui/assets/grid-background.svg netsim-ui/js/pyramid-sprite.js netsim-ui/js/cube-sprite.js ./qsn ./emulator-check ./qemu/linux-x86_64/qemu-system-x86_64 netsim-ui/dev.html netsim-ui/js/device-list.js netsim-ui/assets/polar-background.svg ./qemu/linux-x86_64/qemu-system-armel netsim-ui/node_modules/tslib/tslib.es6.js netsim-ui/assets/hexagonal-background.png netsim-ui/js/device-map.js ./qemu/linux-x86_64/qemu-system-aarch64 netsim-ui/js/customize-map-button.js netsim-ui/js/netsim-app.js, 
angle, https://chromium.googlesource.com/angle/angle/LICENSE, BSD-3-Clause, OpenglRender.so ./emulator lib64/libshadertranslator.so, https://chromium.googlesource.com/angle/angle
libjpeg, https://android.googlesource.com/platform/external/qemu/+/refs/heads/emu-master-dev/android/third_party/jpeg-6b/NOTICE, IJG, OpenglRender.so ./nimble_bridge ./qemu/linux-x86_64/qemu-system-x86_64 ./qemu/linux-x86_64/qemu-system-x86_64-headless ./qemu/linux-x86_64/qemu-system-aarch64-headless ./qemu/linux-x86_64/qemu-system-i386-headless android-webrtc.so emugl_common.so ./qemu-img ./qemu/linux-x86_64/qemu-system-i386 ./qemu/linux-x86_64/qemu-system-armel android-emu-shared.so ./qemu/linux-x86_64/qemu-system-armel-headless ./emulator-check ./qemu/linux-x86_64/qemu-system-aarch64 ./qsn, https://android.googlesource.com/platform/external/qemu/+/refs/heads/emu-master-dev/android/third_party/jpeg-6b/
mesa, https://mesa3d.org/license.html, MIT, lib64/gles_mesa/libGL.so ./emulator lib64/gles_mesa/libGL.so.1, https://android.googlesource.com/platform/prebuilts/android-emulator-build/archive/+/refs/heads/emu-master-dev/MesaLib-10.4.2.tar.bz2
libcurl, https://android.googlesource.com/platform/external/curl/+/refs/heads/emu-master-dev/NOTICE, curl, OpenglRender.so ./nimble_bridge ./qemu/linux-x86_64/qemu-system-x86_64-headless ./qemu/linux-x86_64/qemu-system-aarch64-headless ./qemu/linux-x86_64/qemu-system-i386-headless android-webrtc.so ./qemu/linux-x86_64/qemu-system-i386 android-emu-metrics.so android-emu-shared.so android-emu-curl.so ./qemu/linux-x86_64/qemu-system-armel-headless ./qemu/linux-x86_64/qemu-system-x86_64 ./emulator-check ./qsn emugl_common.so ./qemu-img ./qemu/linux-x86_64/qemu-system-armel ./emulator ./qemu/linux-x86_64/qemu-system-aarch64, https://android.googlesource.com/platform/external/curl/+/refs/heads/emu-master-dev
Qt SvgWidgets, https://doc.qt.io/qt-6.5/qtSvgWidgets-index.html#licenses-and-attributions, LGPL-3.0-only, ./qemu/linux-x86_64/qemu-system-i386 ./qemu/linux-x86_64/qemu-system-x86_64 ./qemu/linux-x86_64/qemu-system-aarch64 ./qemu/linux-x86_64/qemu-system-armel, https://android.googlesource.com/platform/external/qt5/+/refs/heads/upstream-6.5.3
flatbuffers, Apache-2.0, Apache-2.0, ./qemu/linux-x86_64/qemu-system-x86_64-headless ./qemu/linux-x86_64/qemu-system-aarch64-headless ./qemu/linux-x86_64/qemu-system-i386-headless ./qemu/linux-x86_64/qemu-system-x86_64 ./qemu/linux-x86_64/qemu-system-i386 ./qemu/linux-x86_64/qemu-system-armel ./qemu/linux-x86_64/qemu-system-armel-headless ./emulator-check ./qemu/linux-x86_64/qemu-system-aarch64 ./qsn, https://github.com/google/flatbuffers
Netsim, https://android.googlesource.com/platform/tools/netsim/+/refs/heads/main/LICENSE, Apache-2.0, ./qemu/linux-x86_64/qemu-system-x86_64-headless ./qemu/linux-x86_64/qemu-system-aarch64-headless ./qemu/linux-x86_64/qemu-system-i386-headless ./qemu/linux-x86_64/qemu-system-x86_64 ./qemu/linux-x86_64/qemu-system-i386 ./qemu/linux-x86_64/qemu-system-armel ./qemu/linux-x86_64/qemu-system-armel-headless ./emulator-check ./qemu/linux-x86_64/qemu-system-aarch64 ./qsn, 
upb_collections_lib, https://android.googlesource.com/platform/external/grpc-grpc/+/refs/heads/emu-master-dev/NOTICE.txt, Apache-2.0, OpenglRender.so ./nimble_bridge ./qemu/linux-x86_64/qemu-system-x86_64 ./qemu/linux-x86_64/qemu-system-x86_64-headless ./qemu/linux-x86_64/qemu-system-aarch64-headless ./qemu/linux-x86_64/qemu-system-i386-headless android-webrtc.so emugl_common.so ./qemu-img ./qemu/linux-x86_64/qemu-system-i386 ./qemu/linux-x86_64/qemu-system-armel android-emu-shared.so ./qemu/linux-x86_64/qemu-system-armel-headless ./emulator-check ./qemu/linux-x86_64/qemu-system-aarch64 ./qsn, https://android.googlesource.com/platform/external/grpc-grpc/+/refs/heads/emu-master-dev
lz4, https://android.googlesource.com/platform/external/lz4/+/refs/heads/emu-master-dev/LICENSE, BSD-2-Clause, OpenglRender.so ./nimble_bridge ./qemu/linux-x86_64/qemu-system-x86_64-headless ./qemu/linux-x86_64/qemu-system-aarch64-headless ./qemu/linux-x86_64/qemu-system-i386-headless android-webrtc.so ./qemu/linux-x86_64/qemu-system-i386 android-emu-metrics.so android-emu-curl.so android-emu-shared.so ./qemu/linux-x86_64/qemu-system-armel-headless ./qemu/linux-x86_64/qemu-system-x86_64 ./emulator-check ./qsn emugl_common.so ./qemu-img ./qemu/linux-x86_64/qemu-system-armel ./emulator android-emu-agents.so ./crashreport ./qemu/linux-x86_64/qemu-system-aarch64, https://android.googlesource.com/platform/external/lz4/+/refs/heads/emu-master-dev
ext4_utils, https://android.googlesource.com/platform/system/extras/+/master/ext4_utils/NOTICE, Apache-2.0, OpenglRender.so ./nimble_bridge ./qemu/linux-x86_64/qemu-system-x86_64-headless ./qemu/linux-x86_64/qemu-system-aarch64-headless ./qemu/linux-x86_64/qemu-system-i386-headless android-webrtc.so ./qemu/linux-x86_64/qemu-system-i386 android-emu-metrics.so android-emu-shared.so ./qemu/linux-x86_64/qemu-system-armel-headless ./qemu/linux-x86_64/qemu-system-x86_64 ./emulator-check ./qsn emugl_common.so ./qemu-img ./qemu/linux-x86_64/qemu-system-armel ./emulator android-emu-agents.so ./crashreport ./qemu/linux-x86_64/qemu-system-aarch64, https://android.googlesource.com/platform/system/extras/+/master/ext4_utils/
keymaster-3, https://android.googlesource.com/platform/external/qemu/+/emu-master-dev/android/third_party/libkeymaster3/NOTICE, Apache-2.0, OpenglRender.so ./nimble_bridge ./qemu/linux-x86_64/qemu-system-x86_64 ./qemu/linux-x86_64/qemu-system-x86_64-headless ./qemu/linux-x86_64/qemu-system-aarch64-headless ./qemu/linux-x86_64/qemu-system-i386-headless android-webrtc.so emugl_common.so ./qemu-img ./qemu/linux-x86_64/qemu-system-i386 ./qemu/linux-x86_64/qemu-system-armel android-emu-shared.so ./qemu/linux-x86_64/qemu-system-armel-headless ./emulator-check ./qemu/linux-x86_64/qemu-system-aarch64 ./qsn, https://android.googlesource.com/platform/external/qemu/+/emu-master-dev/android/third_party/libkeymaster3
libunwind, https://github.com/libunwind/libunwind/blob/master/COPYING, MIT, OpenglRender.so ./nimble_bridge ./qemu/linux-x86_64/qemu-system-x86_64-headless ./qemu/linux-x86_64/qemu-system-aarch64-headless ./qemu/linux-x86_64/qemu-system-i386-headless android-webrtc.so ./qemu/linux-x86_64/qemu-system-i386 android-emu-metrics.so android-emu-curl.so android-emu-shared.so ./qemu/linux-x86_64/qemu-system-armel-headless ./qemu/linux-x86_64/qemu-system-x86_64 ./emulator-check ./qsn emugl_common.so ./qemu-img ./qemu/linux-x86_64/qemu-system-armel ./emulator android-emu-agents.so ./crashreport ./qemu/linux-x86_64/qemu-system-aarch64, https://github.com/libunwind/libunwind/releases/tag/v1.3.1
astc-codec, https://android.googlesource.com/platform/external/astc-codec/+/refs/heads/master/LICENSE, Apache-2.0, OpenglRender.so, https://android.googlesource.com/platform/external/astc-codec/+/refs/heads/master
boringssl, https://android.googlesource.com/platform/external/boringssl/+/refs/heads/master/NOTICE, OpenSSL, OpenglRender.so ./nimble_bridge ./qemu/linux-x86_64/qemu-system-x86_64-headless ./qemu/linux-x86_64/qemu-system-aarch64-headless ./qemu/linux-x86_64/qemu-system-i386-headless android-webrtc.so ./qemu/linux-x86_64/qemu-system-i386 android-emu-metrics.so android-emu-curl.so android-emu-shared.so ./qemu/linux-x86_64/qemu-system-armel-headless ./qemu/linux-x86_64/qemu-system-x86_64 ./emulator-check ./qsn emugl_common.so ./qemu-img ./qemu/linux-x86_64/qemu-system-armel ./emulator ./crashreport ./qemu/linux-x86_64/qemu-system-aarch64, https://android.googlesource.com/platform/external/boringssl/+/refs/heads/master
tcmalloc, https://chromium.googlesource.com/external/github.com/gperftools/gperftools/+/refs/heads/master/COPYING, BSD-3-Clause, OpenglRender.so ./nimble_bridge ./qemu/linux-x86_64/qemu-system-x86_64-headless ./qemu/linux-x86_64/qemu-system-aarch64-headless ./qemu/linux-x86_64/qemu-system-i386-headless android-webrtc.so ./qemu/linux-x86_64/qemu-system-i386 android-emu-metrics.so android-emu-curl.so android-emu-shared.so ./qemu/linux-x86_64/qemu-system-armel-headless ./qemu/linux-x86_64/qemu-system-x86_64 ./emulator-check ./qsn lib64/libtcmalloc_minimal.so.4 emugl_common.so ./qemu-img ./qemu/linux-x86_64/qemu-system-armel ./emulator android-emu-agents.so ./crashreport ./qemu/linux-x86_64/qemu-system-aarch64, https://chromium.googlesource.com/external/github.com/gperftools/gperftools/+/refs/heads/master
e2fs, http://www.linfo.org/e2fsprogs.html, GPL-2.0-only, bin64/e2fsck bin64/tune2fs bin64/resize2fs bin64/mkfs.ext4 bin64/fsck.ext4 ./emulator, https://android.googlesource.com/platform/prebuilts/android-emulator-build/archive/+/refs/heads/emu-master-dev/e2fsprogs-1.42.13-patches.tar.xz
nlohmann_json, https://android.googlesource.com/platform/external/qemu/+/refs/heads/emu-master-dev/android/third_party/json/NOTICE, MIT, OpenglRender.so ./nimble_bridge ./qemu/linux-x86_64/qemu-system-x86_64 ./qemu/linux-x86_64/qemu-system-x86_64-headless ./qemu/linux-x86_64/qemu-system-aarch64-headless ./qemu/linux-x86_64/qemu-system-i386-headless android-webrtc.so emugl_common.so ./qemu-img ./qemu/linux-x86_64/qemu-system-i386 ./qemu/linux-x86_64/qemu-system-armel android-emu-shared.so ./qemu/linux-x86_64/qemu-system-armel-headless ./emulator-check ./qemu/linux-x86_64/qemu-system-aarch64 ./qsn, https://android.googlesource.com/platform/external/qemu/+/refs/heads/emu-master-dev/android/third_party/json/
Tink, https://android.googlesource.com/platform/external/tink/+/refs/heads/upstream-master/LICENSE, Apache-2.0, ./nimble_bridge ./qemu/linux-x86_64/qemu-system-x86_64-headless ./qemu/linux-x86_64/qemu-system-aarch64-headless ./qemu/linux-x86_64/qemu-system-x86_64 ./qemu/linux-x86_64/qemu-system-i386-headless ./qemu/linux-x86_64/qemu-system-i386 ./qemu/linux-x86_64/qemu-system-armel ./qemu/linux-x86_64/qemu-system-armel-headless ./emulator-check ./qemu/linux-x86_64/qemu-system-aarch64 ./qsn, https://android.googlesource.com/platform/external/tink/+/refs/heads/upstream-master
